System Time,RDTSC,Elapsed Time (sec), CPU Utilization(%),CPU Frequency_0(MHz),Processor Power_0(Watt),Cumulative Processor Energy_0(Joules),Cumulative Processor Energy_0(mWh),IA Power_0(Watt),Cumulative IA Energy_0(Joules),Cumulative IA Energy_0(mWh),Package Temperature_0(C),Package Hot_0,DRAM Power_0(Watt),Cumulative DRAM Energy_0(Joules),Cumulative DRAM Energy_0(mWh),GT Power_0(Watt),Cumulative GT Energy_0(Joules),Cumulative GT Energy_0(mWh),Package PL1_0(Watt),Package PL2_0(Watt),Package PL4_0(Watt),Platform PsysPL1_0(Watt),Platform PsysPL2_0(Watt),GT Frequency(MHz),GT Utilization(%)
16:11:24:261, 8454525518950,    0.152,   48.000, 2700,  14.166,   2.156,   0.599,  12.409,   1.888,   0.524, 65,  0,   0.848,   0.129,   0.036,   0.117,   0.018,   0.005,  15.000,  40.000,  71.000,  15.000,  40.000,    0,   0.000
16:11:24:590, 8455179864465,    0.481,   38.000, 2800,  11.878,   6.057,   1.683,  10.267,   5.261,   1.461, 63,  0,   0.651,   0.343,   0.095,   0.010,   0.021,   0.006,  15.000,  40.000,  71.000,  15.000,  40.000,    0,   0.000
16:11:24:699, 8455397822216,    0.590,   37.000, 2800,  12.549,   7.430,   2.064,  10.930,   6.457,   1.794, 64,  0,   0.557,   0.404,   0.112,   0.000,   0.021,   0.006,  15.000,  40.000,  71.000,  15.000,  40.000,    0,   0.000
16:11:24:809, 8455615663305,    0.699,   47.000, 2800,  13.991,   8.960,   2.489,  12.445,   7.818,   2.172, 65,  0,   0.669,   0.477,   0.132,   0.000,   0.021,   0.006,  15.000,  40.000,  71.000,  15.000,  40.000,    0,   0.000
16:11:24:918, 8455833508768,    0.809,   50.000, 2700,  15.461,  10.651,   2.959,  13.903,   9.338,   2.594, 64,  0,   0.611,   0.544,   0.151,   0.035,   0.025,   0.007,  15.000,  40.000,  71.000,  15.000,  40.000,    0,   0.000
16:11:25:027, 8456051400072,    0.918,   51.000, 2700,  14.047,  12.188,   3.385,  12.398,  10.694,   2.971, 64,  0,   0.579,   0.607,   0.169,   0.000,   0.025,   0.007,  15.000,  40.000,  71.000,  15.000,  40.000,    0,   0.000
16:11:25:137, 8456269257367,    1.028,   49.000, 2600,  14.255,  13.747,   3.819,  12.739,  12.087,   3.358, 63,  0,   0.547,   0.667,   0.185,   0.000,   0.025,   0.007,  15.000,  40.000,  71.000,  15.000,  40.000,    0,   0.000
16:11:25:246, 8456487148738,    1.137,   50.000, 2600,  14.162,  15.296,   4.249,  12.439,  13.448,   3.736, 64,  0,   0.569,   0.729,   0.203,   0.000,   0.025,   0.007,  15.000,  40.000,  71.000,  15.000,  40.000,    0,   0.000
16:11:25:355, 8456705024570,    1.246,   51.000, 2500,  13.488,  16.771,   4.659,  11.959,  14.756,   4.099, 62,  0,   0.588,   0.793,   0.220,   0.000,   0.025,   0.007,  15.000,  40.000,  71.000,  15.000,  40.000,    0,   0.000
16:11:25:465, 8456922897655,    1.356,   50.000, 2500,  12.707,  18.161,   5.045,  11.168,  15.977,   4.438, 62,  0,   0.599,   0.859,   0.239,   0.026,   0.028,   0.008,  15.000,  40.000,  71.000,  15.000,  40.000,    0,   0.000
16:11:25:574, 8457140774651,    1.465,   50.000, 2500,  13.031,  19.586,   5.441,  11.401,  17.224,   4.785, 61,  0,   0.569,   0.921,   0.256,   0.000,   0.028,   0.008,  15.000,  40.000,  71.000,  15.000,  40.000,    0,   0.000
16:11:25:918, 8457826324538,    1.809,   50.000, 2500,  12.983,  24.054,   6.682,  11.427,  21.157,   5.877, 63,  0,   0.577,   1.120,   0.311,   0.000,   0.028,   0.008,  15.000,  40.000,  71.000,  15.000,  40.000,    0,   0.000
16:11:26:028, 8458044258859,    1.919,   50.000, 2500,  12.094,  25.377,   7.049,  10.541,  22.310,   6.197, 62,  0,   0.605,   1.186,   0.329,   0.022,   0.030,   0.008,  15.000,  40.000,  71.000,  15.000,  40.000,    0,   0.000
16:11:26:137, 8458262069977,    2.028,   50.000, 2500,  12.938,  26.792,   7.442,  11.326,  23.549,   6.541, 62,  0,   0.559,   1.247,   0.346,   0.000,   0.030,   0.008,  15.000,  40.000,  71.000,  15.000,  40.000,    0,   0.000
16:11:26:246, 8458479939414,    2.137,   49.000, 2500,  12.753,  28.187,   7.830,  11.246,  24.779,   6.883, 62,  0,   0.542,   1.306,   0.363,   0.000,   0.030,   0.008,  15.000,  40.000,  71.000,  15.000,  40.000,    0,   0.000
16:11:26:356, 8458698607534,    2.247,   49.000, 2500,  12.996,  29.613,   8.226,  11.431,  26.033,   7.232, 62,  0,   0.545,   1.366,   0.380,   0.000,   0.030,   0.008,  15.000,  40.000,  71.000,  15.000,  40.000,    0,   0.000
16:11:26:466, 8458916526141,    2.356,   50.000, 2500,  12.915,  31.026,   8.618,  11.409,  27.282,   7.578, 62,  0,   0.546,   1.426,   0.396,   0.000,   0.030,   0.008,  15.000,  40.000,  71.000,  15.000,  40.000,    0,   0.000
16:11:26:575, 8459134356419,    2.466,   50.000, 2500,  12.978,  32.445,   9.013,  11.434,  28.532,   7.926, 62,  0,   0.599,   1.491,   0.414,   0.023,   0.033,   0.009,  15.000,  40.000,  71.000,  15.000,  40.000,    0,   0.000
16:11:26:684, 8459352234536,    2.575,   49.000, 2500,  13.100,  33.878,   9.411,  11.467,  29.786,   8.274, 62,  0,   0.557,   1.552,   0.431,   0.000,   0.033,   0.009,  15.000,  40.000,  71.000,  15.000,  40.000,    0,   0.000
16:11:26:794, 8459570129406,    2.685,   49.000, 2600,  12.127,  35.205,   9.779,  10.624,  30.948,   8.597, 62,  0,   0.558,   1.613,   0.448,   0.000,   0.033,   0.009,  15.000,  40.000,  71.000,  15.000,  40.000,    0,   0.000
16:11:26:903, 8459787986502,    2.794,   50.000, 2600,  13.504,  36.682,  10.189,  11.872,  32.247,   8.957, 62,  0,   0.551,   1.674,   0.465,   0.000,   0.033,   0.009,  15.000,  40.000,  71.000,  15.000,  40.000,    0,   0.000
16:11:27:013, 8460006703922,    2.904,   50.000, 2500,  13.081,  38.118,  10.588,  11.614,  33.522,   9.312, 64,  0,   0.559,   1.735,   0.482,   0.000,   0.033,   0.009,  15.000,  40.000,  71.000,  15.000,  40.000,    0,   0.000
16:11:27:122, 8460224601015,    3.013,   50.000, 2500,  12.792,  39.517,  10.977,  11.058,  34.731,   9.648, 62,  0,   0.639,   1.805,   0.501,   0.025,   0.035,   0.010,  15.000,  40.000,  71.000,  15.000,  40.000,    0,   0.000
16:11:27:232, 8460442417561,    3.122,   50.000, 2500,  12.458,  40.879,  11.355,  10.918,  35.925,   9.979, 62,  0,   0.564,   1.867,   0.519,   0.000,   0.035,   0.010,  15.000,  40.000,  71.000,  15.000,  40.000,    0,   0.000
16:11:27:341, 8460660268277,    3.232,   49.000, 2600,  13.757,  42.384,  11.773,  12.273,  37.267,  10.352, 63,  0,   0.539,   1.926,   0.535,   0.000,   0.035,   0.010,  15.000,  40.000,  71.000,  15.000,  40.000,    0,   0.000
16:11:27:450, 8460878204418,    3.341,   49.000, 2500,  12.452,  43.746,  12.152,  10.813,  38.450,  10.681, 65,  0,   0.551,   1.986,   0.552,   0.000,   0.035,   0.010,  15.000,  40.000,  71.000,  15.000,  40.000,    0,   0.000
16:11:27:872, 8461718562931,    3.763,   50.000, 2500,  13.004,  49.232,  13.676,  11.438,  43.276,  12.021, 62,  0,   0.559,   2.222,   0.617,   0.006,   0.038,   0.011,  15.000,  40.000,  71.000,  15.000,  40.000,    0,   0.000
16:11:27:982, 8461936409480,    3.872,   50.000, 2500,  12.786,  50.630,  14.064,  11.269,  44.508,  12.363, 61,  0,   0.558,   2.283,   0.634,   0.000,   0.038,   0.011,  15.000,  40.000,  71.000,  15.000,  40.000,    0,   0.000
16:11:28:091, 8462154312603,    3.982,   49.000, 2500,  12.743,  52.024,  14.451,  11.128,  45.726,  12.702, 62,  0,   0.554,   2.343,   0.651,   0.000,   0.038,   0.011,  15.000,  40.000,  71.000,  15.000,  40.000,    0,   0.000
16:11:28:200, 8462372272117,    4.091,   49.000, 2600,  13.377,  53.488,  14.858,  11.883,  47.026,  13.063, 63,  0,   0.547,   2.403,   0.668,   0.000,   0.038,   0.011,  15.000,  40.000,  71.000,  15.000,  40.000,    0,   0.000
16:11:28:310, 8462590067894,    4.201,   50.000, 2500,  13.113,  54.922,  15.256,  11.557,  48.289,  13.414, 62,  0,   0.606,   2.469,   0.686,   0.024,   0.040,   0.011,  15.000,  40.000,  71.000,  15.000,  40.000,    0,   0.000
16:11:28:419, 8462807958572,    4.310,   49.000, 2500,  12.906,  56.333,  15.648,  11.297,  49.525,  13.757, 62,  0,   0.546,   2.529,   0.702,   0.000,   0.040,   0.011,  15.000,  40.000,  71.000,  15.000,  40.000,    0,   0.000
16:11:28:529, 8463025792802,    4.419,   49.000, 2500,  12.597,  57.711,  16.031,  11.079,  50.736,  14.093, 62,  0,   0.543,   2.588,   0.719,   0.000,   0.040,   0.011,  15.000,  40.000,  71.000,  15.000,  40.000,    0,   0.000
16:11:28:638, 8463243666600,    4.529,   50.000, 2500,  12.569,  59.086,  16.413,  11.065,  51.947,  14.430, 61,  0,   0.569,   2.651,   0.736,   0.000,   0.040,   0.011,  15.000,  40.000,  71.000,  15.000,  40.000,    0,   0.000
16:11:28:748, 8463462363774,    4.639,   50.000, 2500,  12.518,  60.460,  16.794,  10.936,  53.147,  14.763, 62,  0,   0.555,   2.711,   0.753,   0.000,   0.040,   0.011,  15.000,  40.000,  71.000,  15.000,  40.000,    0,   0.000
16:11:28:857, 8463680204881,    4.748,   50.000, 2600,  13.662,  61.954,  17.209,  12.001,  54.460,  15.128, 62,  0,   0.615,   2.779,   0.772,   0.022,   0.043,   0.012,  15.000,  40.000,  71.000,  15.000,  40.000,    0,   0.000
16:11:28:966, 8463898078928,    4.857,   50.000, 2500,  13.146,  63.392,  17.609,  11.626,  55.731,  15.481, 62,  0,   0.566,   2.841,   0.789,   0.000,   0.043,   0.012,  15.000,  40.000,  71.000,  15.000,  40.000,    0,   0.000
16:11:29:076, 8464115971884,    4.967,   49.000, 2500,  12.521,  64.761,  17.989,  11.011,  56.936,  15.816, 62,  0,   0.558,   2.902,   0.806,   0.000,   0.043,   0.012,  15.000,  40.000,  71.000,  15.000,  40.000,    0,   0.000
16:11:29:185, 8464333825958,    5.076,   50.000, 2500,  12.567,  66.136,  18.371,  10.948,  58.133,  16.148, 61,  0,   0.565,   2.963,   0.823,   0.000,   0.043,   0.012,  15.000,  40.000,  71.000,  15.000,  40.000,    0,   0.000
16:11:29:295, 8464551691366,    5.185,   50.000, 2600,  13.208,  67.580,  18.772,  11.686,  59.411,  16.503, 63,  0,   0.555,   3.024,   0.840,   0.000,   0.043,   0.012,  15.000,  40.000,  71.000,  15.000,  40.000,    0,   0.000
16:11:29:404, 8464769651969,    5.295,   50.000, 2600,  13.307,  69.036,  19.177,  11.751,  60.697,  16.860, 63,  0,   0.629,   3.093,   0.859,   0.027,   0.046,   0.013,  15.000,  40.000,  71.000,  15.000,  40.000,    0,   0.000
16:11:29:513, 8464987754801,    5.404,   50.000, 2600,  12.436,  70.398,  19.555,  10.784,  61.878,  17.188, 63,  0,   0.644,   3.164,   0.879,   0.000,   0.046,   0.013,  15.000,  40.000,  71.000,  15.000,  40.000,    0,   0.000
16:11:29:623, 8465205389386,    5.514,   49.000, 2600,  13.116,  71.831,  19.953,  11.585,  63.143,  17.540, 63,  0,   0.570,   3.226,   0.896,   0.000,   0.046,   0.013,  15.000,  40.000,  71.000,  15.000,  40.000,    0,   0.000
16:11:29:732, 8465423237998,    5.623,   50.000, 2600,  13.602,  73.318,  20.366,  11.979,  64.453,  17.904, 64,  0,   0.572,   3.288,   0.913,   0.000,   0.046,   0.013,  15.000,  40.000,  71.000,  15.000,  40.000,    0,   0.000
16:11:29:841, 8465641075646,    5.732,   50.000, 2600,  13.421,  74.786,  20.774,  11.917,  65.757,  18.266, 62,  0,   0.556,   3.349,   0.930,   0.000,   0.046,   0.013,  15.000,  40.000,  71.000,  15.000,  40.000,    0,   0.000
16:11:29:951, 8465859767897,    5.842,   51.000, 2600,  13.613,  76.281,  21.189,  12.010,  67.075,  18.632, 63,  0,   0.612,   3.416,   0.949,   0.023,   0.048,   0.013,  15.000,  40.000,  71.000,  15.000,  40.000,    0,   0.000
16:11:30:061, 8466077635149,    5.951,   50.000, 2600,  13.662,  77.775,  21.604,  12.154,  68.404,  19.001, 63,  0,   0.587,   3.480,   0.967,   0.000,   0.048,   0.013,  15.000,  40.000,  71.000,  15.000,  40.000,    0,   0.000
16:11:30:170, 8466295501839,    6.061,   49.000, 2600,  13.574,  79.259,  22.016,  12.069,  69.724,  19.368, 63,  0,   0.570,   3.543,   0.984,   0.000,   0.048,   0.013,  15.000,  40.000,  71.000,  15.000,  40.000,    0,   0.000
16:11:30:279, 8466513405444,    6.170,   50.000, 2600,  13.110,  80.693,  22.415,  11.400,  70.971,  19.714, 63,  0,   0.603,   3.609,   1.002,   0.000,   0.048,   0.013,  15.000,  40.000,  71.000,  15.000,  40.000,    0,   0.000
16:11:30:389, 8466731297807,    6.280,   49.000, 2600,  13.370,  82.156,  22.821,  11.861,  72.269,  20.075, 63,  0,   0.563,   3.670,   1.020,   0.000,   0.048,   0.013,  15.000,  40.000,  71.000,  15.000,  40.000,    0,   0.000
16:11:30:498, 8466949146032,    6.389,   42.000, 2600,  12.273,  83.498,  23.194,  10.605,  73.429,  20.397, 63,  0,   0.643,   3.741,   1.039,   0.022,   0.051,   0.014,  15.000,  40.000,  71.000,  15.000,  40.000,    0,   0.000
16:11:30:842, 8467634708845,    6.733,   73.000, 2600,  13.554,  88.163,  24.490,  12.005,  77.560,  21.544, 62,  0,   0.566,   3.936,   1.093,   0.000,   0.051,   0.014,  15.000,  40.000,  71.000,  15.000,  40.000,    0,   0.000
16:11:30:952, 8467852546977,    6.842,   49.000, 2600,  13.598,  89.650,  24.903,  12.085,  78.882,  21.912, 62,  0,   0.558,   3.997,   1.110,   0.000,   0.051,   0.014,  15.000,  40.000,  71.000,  15.000,  40.000,    0,   0.000
16:11:31:061, 8468070486086,    6.952,   51.000, 2600,  13.481,  91.125,  25.312,  11.904,  80.184,  22.273, 63,  0,   0.630,   4.065,   1.129,   0.025,   0.053,   0.015,  15.000,  40.000,  71.000,  15.000,  40.000,    0,   0.000
16:11:31:171, 8468289195695,    7.062,   49.000, 2600,  12.264,  92.471,  25.686,  10.673,  81.356,  22.599, 65,  0,   0.564,   4.127,   1.146,   0.000,   0.053,   0.015,  15.000,  40.000,  71.000,  15.000,  40.000,    0,   0.000
16:11:31:280, 8468506985345,    7.171,   50.000, 2600,  13.458,  93.943,  26.095,  11.733,  82.639,  22.955, 63,  0,   0.572,   4.190,   1.164,   0.000,   0.053,   0.015,  15.000,  40.000,  71.000,  15.000,  40.000,    0,   0.000
16:11:31:389, 8468724927558,    7.280,   50.000, 2700,  11.312,  95.180,  26.439,   9.791,  83.710,  23.253, 67,  0,   0.597,   4.255,   1.182,   0.000,   0.053,   0.015,  15.000,  40.000,  71.000,  15.000,  40.000,    0,   0.000
16:11:31:499, 8468942776646,    7.390,   49.000, 2700,  13.565,  96.664,  26.851,  12.052,  85.028,  23.619, 64,  0,   0.576,   4.318,   1.200,   0.000,   0.053,   0.015,  15.000,  40.000,  71.000,  15.000,  40.000,    0,   0.000
16:11:31:608, 8469160615578,    7.499,   50.000, 2700,  13.886,  98.182,  27.273,  12.193,  86.361,  23.989, 64,  0,   0.639,   4.388,   1.219,   0.023,   0.056,   0.016,  15.000,  40.000,  71.000,  15.000,  40.000,    0,   0.000
16:11:31:718, 8469379295451,    7.609,   49.000, 2700,  13.445,  99.658,  27.683,  11.969,  87.675,  24.354, 63,  0,   0.577,   4.451,   1.236,   0.000,   0.056,   0.016,  15.000,  40.000,  71.000,  15.000,  40.000,    0,   0.000
16:11:31:827, 8469597143292,    7.718,   50.000, 2700,  13.831, 101.171,  28.103,  12.192,  89.008,  24.725, 63,  0,   0.583,   4.515,   1.254,   0.000,   0.056,   0.016,  15.000,  40.000,  71.000,  15.000,  40.000,    0,   0.000
16:11:31:937, 8469815023691,    7.828,   49.000, 2700,  13.715, 102.671,  28.520,  12.211,  90.344,  25.096, 64,  0,   0.573,   4.578,   1.272,   0.000,   0.056,   0.016,  15.000,  40.000,  71.000,  15.000,  40.000,    0,   0.000
16:11:32:046, 8470032921188,    7.937,   50.000, 2700,  13.438, 104.141,  28.928,  11.789,  91.634,  25.454, 64,  0,   0.587,   4.642,   1.289,   0.000,   0.056,   0.016,  15.000,  40.000,  71.000,  15.000,  40.000,    0,   0.000
16:11:32:156, 8470250781045,    8.046,   50.000, 2700,  13.862, 105.657,  29.349,  12.304,  92.979,  25.828, 64,  0,   0.627,   4.711,   1.308,   0.021,   0.058,   0.016,  15.000,  40.000,  71.000,  15.000,  40.000,    0,   0.000
16:11:32:265, 8470468654973,    8.156,   50.000, 2700,  13.518, 107.135,  29.760,  12.001,  94.292,  26.192, 64,  0,   0.585,   4.775,   1.326,   0.000,   0.058,   0.016,  15.000,  40.000,  71.000,  15.000,  40.000,    0,   0.000
16:11:32:375, 8470687311088,    8.265,   49.000, 2700,  13.799, 108.650,  30.181,  12.215,  95.633,  26.565, 64,  0,   0.576,   4.838,   1.344,   0.000,   0.058,   0.016,  15.000,  40.000,  71.000,  15.000,  40.000,    0,   0.000
16:11:32:484, 8470905231855,    8.375,   49.000, 2700,  13.677, 110.146,  30.596,  12.014,  96.947,  26.930, 63,  0,   0.645,   4.908,   1.363,   0.000,   0.058,   0.016,  15.000,  40.000,  71.000,  15.000,  40.000,    0,   0.000
16:11:32:593, 8471123098523,    8.484,   49.000, 2600,  13.963, 111.673,  31.020,  12.396,  98.303,  27.306, 63,  0,   0.697,   4.985,   1.385,   0.000,   0.058,   0.016,  15.000,  40.000,  71.000,  15.000,  40.000,    0,   0.000
16:11:32:703, 8471340967512,    8.594,   50.000, 2600,  13.619, 113.163,  31.434,  12.072,  99.623,  27.673, 63,  0,   0.617,   5.052,   1.403,   0.023,   0.061,   0.017,  15.000,  40.000,  71.000,  15.000,  40.000,    0,   0.000
16:11:32:812, 8471558841008,    8.703,   50.000, 2600,  13.610, 114.651,  31.848,  11.966, 100.932,  28.037, 63,  0,   0.574,   5.115,   1.421,   0.000,   0.061,   0.017,  15.000,  40.000,  71.000,  15.000,  40.000,    0,   0.000
16:11:32:922, 8471776740588,    8.812,   49.000, 2600,  13.552, 116.134,  32.259,  12.056, 102.251,  28.403, 63,  0,   0.558,   5.176,   1.438,   0.000,   0.061,   0.017,  15.000,  40.000,  71.000,  15.000,  40.000,    0,   0.000
16:11:33:031, 8471994588929,    8.922,   50.000, 2600,  13.791, 117.642,  32.678,  12.273, 103.593,  28.776, 63,  0,   0.570,   5.238,   1.455,   0.000,   0.061,   0.017,  15.000,  40.000,  71.000,  15.000,  40.000,    0,   0.000
16:11:33:140, 8472212453916,    9.031,   47.000, 2600,  13.703, 119.141,  33.095,  12.047, 104.910,  29.142, 64,  0,   0.628,   5.307,   1.474,   0.000,   0.061,   0.017,  15.000,  40.000,  71.000,  15.000,  40.000,    0,   0.000
16:11:33:422, 8472772726437,    9.312,   53.000, 2600,  12.937, 122.779,  34.105,  11.367, 108.107,  30.030, 64,  0,   0.589,   5.472,   1.520,   0.008,   0.063,   0.018,  15.000,  40.000,  71.000,  15.000,  40.000,    0,   0.000
16:11:33:656, 8473239572438,    9.547,   50.000, 2700,  12.906, 125.804,  34.946,  11.322, 110.761,  30.767, 64,  0,   0.574,   5.607,   1.557,   0.000,   0.063,   0.018,  15.000,  40.000,  71.000,  15.000,  40.000,    0,   0.000
16:11:33:765, 8473457468136,    9.656,   50.000, 2600,  14.490, 127.389,  35.386,  12.777, 112.159,  31.155, 65,  0,   0.606,   5.673,   1.576,   0.000,   0.063,   0.018,  15.000,  40.000,  71.000,  15.000,  40.000,    0,   0.000
16:11:33:875, 8473675326190,    9.765,   50.000, 2600,  13.312, 128.845,  35.790,  11.773, 113.446,  31.513, 62,  0,   0.637,   5.743,   1.595,   0.024,   0.066,   0.018,  15.000,  40.000,  71.000,  15.000,  40.000,    0,   0.000
16:11:33:984, 8473893206570,    9.875,   50.000, 2600,  13.802, 130.355,  36.210,  12.090, 114.768,  31.880, 63,  0,   0.593,   5.808,   1.613,   0.000,   0.066,   0.018,  15.000,  40.000,  71.000,  15.000,  40.000,    0,   0.000
16:11:34:094, 8474111917805,    9.985,   49.000, 2600,  13.426, 131.829,  36.619,  11.980, 116.084,  32.245, 63,  0,   0.557,   5.869,   1.630,   0.000,   0.066,   0.018,  15.000,  40.000,  71.000,  15.000,  40.000,    0,   0.000
16:11:34:203, 8474329740560,   10.094,   50.000, 2600,  13.764, 133.334,  37.037,  12.125, 117.410,  32.614, 63,  0,   0.609,   5.936,   1.649,   0.000,   0.066,   0.018,  15.000,  40.000,  71.000,  15.000,  40.000,    0,   0.000
16:11:34:313, 8474547620896,   10.203,   49.000, 2600,  13.501, 134.810,  37.447,  11.998, 118.722,  32.978, 63,  0,   0.567,   5.998,   1.666,   0.000,   0.066,   0.018,  15.000,  40.000,  71.000,  15.000,  40.000,    0,   0.000
16:11:34:422, 8474765522450,   10.313,   50.000, 2600,  12.496, 136.177,  37.827,  10.930, 119.917,  33.310, 66,  0,   0.661,   6.070,   1.686,   0.023,   0.068,   0.019,  15.000,  40.000,  71.000,  15.000,  40.000,    0,   0.000
16:11:34:531, 8474983390235,   10.422,   50.000, 2600,  13.799, 137.686,  38.246,  12.170, 121.248,  33.680, 64,  0,   0.591,   6.135,   1.704,   0.000,   0.068,   0.019,  15.000,  40.000,  71.000,  15.000,  40.000,    0,   0.000
16:11:34:641, 8475201242643,   10.532,   49.000, 2600,  12.904, 139.098,  38.638,  11.404, 122.496,  34.027, 64,  0,   0.567,   6.197,   1.721,   0.000,   0.068,   0.019,  15.000,  40.000,  71.000,  15.000,  40.000,    0,   0.000
16:11:34:750, 8475419983586,   10.641,   49.000, 2600,  13.632, 140.595,  39.054,  12.057, 123.820,  34.394, 63,  0,   0.570,   6.259,   1.739,   0.000,   0.068,   0.019,  15.000,  40.000,  71.000,  15.000,  40.000,    0,   0.000
16:11:34:860, 8475637793498,   10.751,   50.000, 2600,  13.387, 142.058,  39.461,  11.861, 125.117,  34.755, 63,  0,   0.588,   6.323,   1.757,   0.000,   0.068,   0.019,  15.000,  40.000,  71.000,  15.000,  40.000,    0,   0.000
16:11:34:969, 8475855661591,   10.860,   50.000, 2600,  13.753, 143.563,  39.878,  12.063, 126.436,  35.121, 64,  0,   0.634,   6.393,   1.776,   0.022,   0.071,   0.020,  15.000,  40.000,  71.000,  15.000,  40.000,    0,   0.000
16:11:35:079, 8476073579192,   10.969,   50.000, 2600,  13.425, 145.031,  40.286,  11.908, 127.739,  35.483, 64,  0,   0.563,   6.454,   1.793,   0.000,   0.071,   0.020,  15.000,  40.000,  71.000,  15.000,  40.000,    0,   0.000
16:11:35:188, 8476291405092,   11.079,   49.000, 2600,  13.322, 146.488,  40.691,  11.808, 129.030,  35.842, 64,  0,   0.559,   6.516,   1.810,   0.000,   0.071,   0.020,  15.000,  40.000,  71.000,  15.000,  40.000,    0,   0.000
16:11:35:297, 8476509287745,   11.188,   50.000, 2600,  13.000, 147.910,  41.086,  11.291, 130.265,  36.185, 64,  0,   0.578,   6.579,   1.827,   0.000,   0.071,   0.020,  15.000,  40.000,  71.000,  15.000,  40.000,    0,   0.000
16:11:35:407, 8476727171321,   11.298,   50.000, 2600,  13.539, 149.391,  41.497,  12.012, 131.579,  36.550, 63,  0,   0.566,   6.641,   1.845,   0.000,   0.071,   0.020,  15.000,  40.000,  71.000,  15.000,  40.000,    0,   0.000
16:11:35:516, 8476945041085,   11.407,   50.000, 2600,  13.424, 150.859,  41.905,  11.725, 132.861,  36.906, 64,  0,   0.631,   6.710,   1.864,   0.022,   0.073,   0.020,  15.000,  40.000,  71.000,  15.000,  40.000,    0,   0.000
16:11:35:625, 8477162900677,   11.516,   49.000, 2700,  13.606, 152.347,  42.319,  12.105, 134.185,  37.274, 64,  0,   0.562,   6.771,   1.881,   0.000,   0.073,   0.020,  15.000,  40.000,  71.000,  15.000,  40.000,    0,   0.000
16:11:35:735, 8477380837864,   11.626,   49.000, 2600,  13.998, 153.878,  42.744,  12.491, 135.552,  37.653, 64,  0,   0.560,   6.832,   1.898,   0.000,   0.073,   0.020,  15.000,  40.000,  71.000,  15.000,  40.000,    0,   0.000
16:11:35:844, 8477598667765,   11.735,   50.000, 2600,  13.653, 155.371,  43.159,  12.009, 136.865,  38.018, 64,  0,   0.584,   6.896,   1.916,   0.000,   0.073,   0.020,  15.000,  40.000,  71.000,  15.000,  40.000,    0,   0.000
16:11:35:954, 8477817335203,   11.845,   49.000, 2600,  13.239, 156.825,  43.562,  11.766, 138.156,  38.377, 64,  0,   0.559,   6.958,   1.933,   0.000,   0.073,   0.020,  15.000,  40.000,  71.000,  15.000,  40.000,    0,   0.000
16:11:36:063, 8478035220422,   11.954,   51.000, 2600,  13.392, 158.289,  43.969,  11.714, 139.438,  38.733, 63,  0,   0.629,   7.026,   1.952,   0.022,   0.075,   0.021,  15.000,  40.000,  71.000,  15.000,  40.000,    0,   0.000
16:11:36:173, 8478253066268,   12.064,   49.000, 2600,  13.230, 159.736,  44.371,  11.721, 140.719,  39.089, 63,  0,   0.561,   7.088,   1.969,   0.000,   0.075,   0.021,  15.000,  40.000,  71.000,  15.000,  40.000,    0,   0.000
16:11:36:282, 8478471003300,   12.173,   49.000, 2600,  13.735, 161.239,  44.789,  12.094, 142.043,  39.456, 63,  0,   0.567,   7.150,   1.986,   0.000,   0.075,   0.021,  15.000,  40.000,  71.000,  15.000,  40.000,    0,   0.000
16:11:36:391, 8478688841751,   12.282,   50.000, 2600,  13.188, 162.681,  45.189,  11.681, 143.320,  39.811, 63,  0,   0.564,   7.211,   2.003,   0.000,   0.075,   0.021,  15.000,  40.000,  71.000,  15.000,  40.000,    0,   0.000
16:11:36:501, 8478907476349,   12.392,   49.000, 2600,  13.735, 164.189,  45.608,  12.135, 144.652,  40.181, 63,  0,   0.562,   7.273,   2.020,   0.000,   0.075,   0.021,  15.000,  40.000,  71.000,  15.000,  40.000,    0,   0.000
16:11:36:611, 8479125423089,   12.501,   50.000, 2600,  13.300, 165.644,  46.012,  11.755, 145.938,  40.538, 63,  0,   0.613,   7.340,   2.039,   0.021,   0.078,   0.022,  15.000,  40.000,  71.000,  15.000,  40.000,    0,   0.000
16:11:36:720, 8479343261102,   12.611,   50.000, 2600,  13.997, 167.174,  46.437,  12.263, 147.279,  40.911, 64,  0,   0.577,   7.403,   2.056,   0.000,   0.078,   0.022,  15.000,  40.000,  71.000,  15.000,  40.000,    0,   0.000
16:11:36:829, 8479561128227,   12.720,   49.000, 2600,  13.623, 168.664,  46.851,  12.047, 148.597,  41.277, 64,  0,   0.575,   7.466,   2.074,   0.000,   0.078,   0.022,  15.000,  40.000,  71.000,  15.000,  40.000,    0,   0.000
16:11:36:939, 8479779035453,   12.830,   50.000, 2600,  13.205, 170.109,  47.252,  11.661, 149.872,  41.631, 64,  0,   0.567,   7.528,   2.091,   0.000,   0.078,   0.022,  15.000,  40.000,  71.000,  15.000,  40.000,    0,   0.000
16:11:37:048, 8479996870516,   12.939,   51.000, 2600,  13.505, 171.586,  47.663,  11.849, 151.168,  41.991, 64,  0,   0.616,   7.596,   2.110,   0.000,   0.078,   0.022,  15.000,  40.000,  71.000,  15.000,  40.000,    0,   0.000
16:11:37:157, 8480214749273,   13.048,   50.000, 2600,  13.543, 173.067,  48.074,  11.983, 152.479,  42.355, 64,  0,   0.632,   7.665,   2.129,   0.023,   0.080,   0.022,  15.000,  40.000,  71.000,  15.000,  40.000,    0,   0.000
16:11:37:267, 8480432681807,   13.158,   51.000, 2600,  13.152, 174.506,  48.474,  11.533, 153.740,  42.706, 64,  0,   0.650,   7.736,   2.149,   0.000,   0.080,   0.022,  15.000,  40.000,  71.000,  15.000,  40.000,    0,   0.000
16:11:37:376, 8480650504514,   13.267,   50.000, 2600,  13.136, 175.942,  48.873,  11.488, 154.997,  43.055, 64,  0,   0.578,   7.799,   2.166,   0.000,   0.080,   0.022,  15.000,  40.000,  71.000,  15.000,  40.000,    0,   0.000
16:11:37:486, 8480868366720,   13.376,   49.000, 2600,  13.580, 177.427,  49.285,  12.062, 156.316,  43.421, 64,  0,   0.561,   7.860,   2.183,   0.000,   0.080,   0.022,  15.000,  40.000,  71.000,  15.000,  40.000,    0,   0.000
16:11:37:595, 8481086329978,   13.486,   50.000, 2600,  13.654, 178.921,  49.700,  12.017, 157.631,  43.786, 63,  0,   0.572,   7.923,   2.201,   0.000,   0.080,   0.022,  15.000,  40.000,  71.000,  15.000,  40.000,    0,   0.000
16:11:37:704, 8481304151052,   13.595,   50.000, 2600,  13.810, 180.431,  50.120,  12.148, 158.959,  44.155, 64,  0,   0.640,   7.993,   2.220,   0.024,   0.083,   0.023,  15.000,  40.000,  71.000,  15.000,  40.000,    0,   0.000
16:11:37:814, 8481522031382,   13.705,   50.000, 2600,  13.573, 181.916,  50.532,  12.061, 160.278,  44.522, 64,  0,   0.598,   8.058,   2.238,   0.000,   0.083,   0.023,  15.000,  40.000,  71.000,  15.000,  40.000,    0,   0.000
16:11:37:923, 8481739904485,   13.814,   43.000, 2600,  13.219, 183.362,  50.934,  11.570, 161.544,  44.873, 64,  0,   0.566,   8.120,   2.256,   0.000,   0.083,   0.023,  15.000,  40.000,  71.000,  15.000,  40.000,    0,   0.000
16:11:38:361, 8482611383090,   14.251,   76.000, 2600,  13.834, 189.414,  52.615,  12.278, 166.915,  46.365, 64,  0,   0.590,   8.378,   2.327,   0.006,   0.085,   0.024,  15.000,  40.000,  71.000,  15.000,  40.000,    0,   0.000
16:11:38:470, 8482829299889,   14.361,   50.000, 2600,  13.572, 190.899,  53.027,  11.843, 168.211,  46.725, 63,  0,   0.575,   8.441,   2.345,   0.000,   0.085,   0.024,  15.000,  40.000,  71.000,  15.000,  40.000,    0,   0.000
16:11:38:814, 8483514026819,   14.705,   50.000, 2700,  12.571, 195.220,  54.228,  10.997, 171.991,  47.775, 64,  0,   0.588,   8.643,   2.401,   0.007,   0.088,   0.024,  15.000,  40.000,  71.000,  15.000,  40.000,    0,   0.000
16:11:38:924, 8483732711341,   14.814,   50.000, 2600,  13.809, 196.736,  54.649,  12.213, 173.331,  48.148, 64,  0,   0.578,   8.707,   2.419,   0.000,   0.088,   0.024,  15.000,  40.000,  71.000,  15.000,  40.000,    0,   0.000
16:11:39:033, 8483950596582,   14.924,   50.000, 2600,  12.724, 198.128,  55.035,  11.181, 174.554,  48.487, 62,  0,   0.589,   8.771,   2.436,   0.000,   0.088,   0.024,  15.000,  40.000,  71.000,  15.000,  40.000,    0,   0.000
16:11:39:142, 8484168408227,   15.033,   50.000, 2700,  13.344, 199.587,  55.441,  11.729, 175.837,  48.844, 63,  0,   0.593,   8.836,   2.454,   0.000,   0.088,   0.024,  15.000,  40.000,  71.000,  15.000,  40.000,    0,   0.000
16:11:39:455, 8484790966341,   15.346,   43.000, 2700,  13.288, 203.739,  56.594,  11.702, 179.494,  49.859, 64,  0,   0.666,   9.044,   2.512,   0.008,   0.090,   0.025,  15.000,  40.000,  71.000,  15.000,  40.000,    0,   0.000
16:11:39:564, 8485008843778,   15.455,   37.000, 2700,  11.525, 205.000,  56.944,   9.898, 180.577,  50.160, 64,  0,   0.566,   9.106,   2.529,   0.000,   0.090,   0.025,  15.000,  40.000,  71.000,  15.000,  40.000,    0,   0.000
16:11:39:674, 8485226724248,   15.564,   37.000, 2800,  11.751, 206.285,  57.301,  10.225, 181.695,  50.471, 64,  0,   0.562,   9.167,   2.547,   0.000,   0.090,   0.025,  15.000,  40.000,  71.000,  15.000,  40.000,    0,   0.000
16:11:39:783, 8485444567018,   15.674,   37.000, 2900,  12.261, 207.626,  57.674,  10.739, 182.870,  50.797, 65,  0,   0.578,   9.231,   2.564,   0.000,   0.090,   0.025,  15.000,  40.000,  71.000,  15.000,  40.000,    0,   0.000
16:11:39:892, 8485662497124,   15.783,   37.000, 2900,  12.958, 209.044,  58.068,  11.299, 184.106,  51.140, 65,  0,   0.610,   9.297,   2.583,   0.021,   0.093,   0.026,  15.000,  40.000,  71.000,  15.000,  40.000,    0,   0.000
16:11:40:002, 8485880346517,   15.892,   38.000, 2900,  12.725, 210.435,  58.454,  11.184, 185.329,  51.480, 65,  0,   0.614,   9.365,   2.601,   0.000,   0.093,   0.026,  15.000,  40.000,  71.000,  15.000,  40.000,    0,   0.000
16:11:40:111, 8486098254780,   16.002,   37.000, 3000,  12.658, 211.820,  58.839,  11.021, 186.534,  51.815, 65,  0,   0.569,   9.427,   2.619,   0.000,   0.093,   0.026,  15.000,  40.000,  71.000,  15.000,  40.000,    0,   0.000
16:11:40:220, 8486316101511,   16.111,   37.000, 3000,  13.562, 213.303,  59.251,  12.048, 187.852,  52.181, 67,  0,   0.565,   9.489,   2.636,   0.000,   0.093,   0.026,  15.000,  40.000,  71.000,  15.000,  40.000,    0,   0.000
16:11:40:330, 8486533986261,   16.221,   37.000, 3000,  13.631, 214.794,  59.665,  12.117, 189.177,  52.549, 67,  0,   0.567,   9.551,   2.653,   0.000,   0.093,   0.026,  15.000,  40.000,  71.000,  15.000,  40.000,    0,   0.000
16:11:40:439, 8486751868723,   16.330,   37.000, 3000,  13.887, 216.313,  60.087,  12.229, 190.515,  52.921, 67,  0,   0.628,   9.619,   2.672,   0.000,   0.093,   0.026,  15.000,  40.000,  71.000,  15.000,  40.000,    0,   0.000
16:11:40:549, 8486969679220,   16.439,   37.000, 3000,  13.505, 217.790,  60.497,  11.937, 191.820,  53.283, 68,  0,   0.641,   9.689,   2.691,   0.022,   0.095,   0.026,  15.000,  40.000,  71.000,  15.000,  40.000,    0,   0.000
16:11:40:658, 8487188343401,   16.549,   37.000, 3000,  13.646, 219.288,  60.913,  12.050, 193.143,  53.651, 67,  0,   0.572,   9.752,   2.709,   0.000,   0.095,   0.026,  15.000,  40.000,  71.000,  15.000,  40.000,    0,   0.000
16:11:40:768, 8487406204867,   16.658,   37.000, 3000,  13.536, 220.768,  61.325,  11.951, 194.450,  54.014, 67,  0,   0.585,   9.816,   2.727,   0.000,   0.095,   0.026,  15.000,  40.000,  71.000,  15.000,  40.000,    0,   0.000
16:11:40:877, 8487624155700,   16.768,   37.000, 3000,  13.839, 222.282,  61.745,  12.180, 195.783,  54.384, 67,  0,   0.600,   9.882,   2.745,   0.000,   0.095,   0.026,  15.000,  40.000,  71.000,  15.000,  40.000,    0,   0.000
16:11:40:986, 8487842033927,   16.877,   38.000, 2900,  12.870, 223.690,  62.136,  11.337, 197.023,  54.728, 66,  0,   0.635,   9.951,   2.764,   0.000,   0.095,   0.026,  15.000,  40.000,  71.000,  15.000,  40.000,    0,   0.000
16:11:41:096, 8488059895222,   16.987,   37.000, 3000,  13.131, 225.126,  62.535,  11.562, 198.287,  55.080, 67,  0,   0.640,  10.021,   2.784,   0.022,   0.097,   0.027,  15.000,  40.000,  71.000,  15.000,  40.000,    0,   0.000
16:11:41:205, 8488277775010,   17.096,   37.000, 3000,  13.753, 226.631,  62.953,  12.126, 199.613,  55.448, 67,  0,   0.572,  10.084,   2.801,   0.000,   0.097,   0.027,  15.000,  40.000,  71.000,  15.000,  40.000,    0,   0.000
16:11:41:315, 8488496462477,   17.206,   28.000, 3000,  12.888, 228.045,  63.346,  11.257, 200.849,  55.791, 67,  0,   0.645,  10.155,   2.821,   0.075,   0.106,   0.029,  15.000,  40.000,  71.000,  15.000,  40.000,    0,   0.000
16:11:41:549, 8488963340384,   17.440,  267.000, 3200,  11.159, 230.661,  64.072,   9.550, 203.087,  56.413, 68,  0,   0.587,  10.292,   2.859,   0.022,   0.111,   0.031,  15.000,  40.000,  71.000,  15.000,  40.000,    0,   0.000

Total Elapsed Time (sec) = 17.440164
Measured RDTSC Frequency (GHz) = 1.992

Cumulative Processor Energy_0 (Joules) = 230.660706
Cumulative Processor Energy_0 (mWh) = 64.072418
Average Processor Power_0 (Watt) = 13.225833

Cumulative IA Energy_0 (Joules) = 203.087402
Cumulative IA Energy_0 (mWh) = 56.413167
Average IA Power_0 (Watt) = 11.644810

Cumulative DRAM Energy_0 (Joules) = 10.292297
Cumulative DRAM Energy_0 (mWh) = 2.858971
Average DRAM Power_0 (Watt) = 0.590149

Cumulative GT Energy_0 (Joules) = 0.110840
Cumulative GT Energy_0 (mWh) = 0.030789
Average GT Power_0 (Watt) = 0.006355
